word,frequency
police,33
community,30
different,26
bias,21
people,15
understand,14
member,13
cop,13
role,11
communication,10
racial,10
real,10
gain,9
need,9
empathy,9
resource,8
scenario,8
policing,8
progress,8
health,7
base,7
officer,7
learn,7
interaction,7
decision,7
team,7
understanding,6
situation,6
mental,6
group,6
experience,6
choose,6
change,6
life,6
patient,6
limitation,5
limit,5
conflict,5
law,5
video,5
give,5
specific,5
response,5
good,5
recognize,5
black,4
final,4
individual,4
self,4
insight,4
build,4
person,4
consensus,4
provide,4
issue,4
court,4
identify,4
work,4
control,4
involve,4
perspective,4
communicate,4
reflection,4
solve,4
possible,4
take,4
make,4
bad,4
enforcement,4
consequence,4
problem,3
move,3
injustice,3
animal,3
barrier,3
sustain,3
certain,3
try,3
nurse,3
anger,3
set,3
curiosity,3
compassion,3
option,3
require,3
come,3
safety,3
internal,3
interpretation,3
civilian,3
case,3
allow,3
realistic,3
analysis,3
want,3
personal,3
example,3
theme,3
resolution,3
worker,3
discomfort,3
depend,3
social,3
witness,3
park,3
start,2
statistic,2
switch,2
learning,2
ability,2
fantasy,2
analyze,2
sadness,2
pattern,2
information,2
available,2
talk,2
policy,2
scary,2
include,2
implicit,2
safe,2
later,2
roleplay,2
currency,2
multi,2
public,2
system,2
have,2
stay,2
white,2
usa,2
don,2
evaluation,2
orient,2
effect,2
review,2
training,2
show,2
actually,2
place,2
decide,2
multiple,2
develop,2
type,2
superhero,2
student,2
discussion,2
event,2
simple,2
day,2
immediate,2
feeling,2
frustration,2
feel,2
know,2
survival,2
honesty,2
advocate,2
vague,2
fact,2
walk,2
judge,2
achieve,2
general,2
victim,2
look,2
design,2
produce,2
t,2
get,2
adventure,2
question,2
lead,2
regular,2
identity,2
negative,2
fashy,2
overcome,2
shift,2
stop,2
version,2
note,2
resolve,2
mandatory,2
round,2
fear,2
stage,2
see,2
university,2
occur,2
low,2
language,2
help,2
broad,2
current,2
prevent,2
assume,2
interest,2
idea,2
color,2
cool,2
apple,2
offer,2
deal,2
able,2
characater,2
choice,2
restriction,2
motivate,2
engagement,1
obstacle,1
thought,1
physical,1
hopefulness,1
care,1
competiteveness,1
trauma,1
interpret,1
interplayer,1
vote,1
determine,1
virtual,1
reach,1
evoke,1
beat,1
reflect,1
structural,1
agree,1
differential,1
mission,1
distinct,1
style,1
unlock,1
source,1
society,1
enviromental,1
think,1
growth,1
overview,1
teacher,1
explain,1
exacerbate,1
academy,1
activity,1
car,1
criminal,1
jail,1
instruction,1
sr,1
accumulation,1
vulnerability,1
contemplative,1
sustained,1
limitaton,1
habit,1
dialogue,1
state,1
connection,1
past,1
licensed,1
bezos,1
forgiveness,1
total,1
pick,1
table,1
use,1
pose,1
free,1
racially,1
storyline,1
winner,1
forward,1
resist,1
sorry,1
phase,1
pass,1
urban,1
region,1
task,1
represent,1
buy,1
fine,1
entertainement,1
diverse,1
stakeholder,1
deep,1
kingdom,1
justice,1
trip,1
succeed,1
sense,1
drive,1
face,1
capability,1
official,1
optimism,1
summary,1
gotham,1
window,1
plus,1
participant,1
seconday,1
eligibility,1
engaged,1
vulnerable,1
present,1
wrong,1
reality,1
modelling,1
tutorial,1
act,1
honest,1
city,1
variety,1
collection,1
invest,1
quickly,1
fun,1
alien,1
distribute,1
medium,1
protagonist,1
e,1
important,1
candy,1
restrain,1
parallel,1
post,1
check,1
verbal,1
accurately,1
progression,1
fi,1
exchange,1
side,1
metaphorical,1
bewilderment,1
shared,1
limited,1
online,1
diversity,1
population,1
illustrative,1
attempt,1
debrief,1
office,1
family,1
detroit,1
typical,1
visual,1
coproduce,1
stack,1
non,1
friends,1
positive,1
imagine,1
file,1
provoke,1
human,1
breakdown,1
rule,1
behave,1
board,1
faith,1
unlearn,1
hold,1
tradeoff,1
mirror,1
reverse,1
genreal,1
exciting,1
cash,1
nt,1
train,1
smart,1
controversial,1
nameless,1
setting,1
reevaluation,1
accomplishment,1
evolve,1
skilled,1
francis,1
shifting,1
behaviour,1
background,1
topic,1
school,1
interactive,1
enforce,1
establish,1
empathize,1
cost,1
parents,1
encourage,1
survive,1
common,1
slow,1
appraoch,1
datum,1
lose,1
teach,1
flaw,1
surve,1
communicaton,1
single,1
solidarity,1
disagree,1
simulation,1
wonder,1
jury,1
continue,1
biased,1
sci,1
guilt,1
definitely,1
benefit,1
steamy,1
realy,1
proessir,1
twist,1
unconscious,1
bring,1
pretty,1
blake,1
number,1
extra,1
one,1
pandemic,1
indignation,1
brief,1
thorough,1
structure,1
leave,1
improve,1
opinion,1
getting,1
scenariso,1
hope,1
reasoning,1
reliant,1
history,1
soft,1
nuanced,1
begin,1
penalty,1
break,1
zombie,1
engage,1
replayability,1
reduce,1
pride,1
open,1
support,1
image,1
force,1
asesse,1
resentment,1
bipoc,1
lord,1
regulary,1
space,1
discovery,1
prompt,1
figure,1
multiplayer,1
route,1
opportunity,1
mcdonald,1
big,1
neighborhood,1
inequity,1
threaten,1
future,1
elect,1
read,1
strong,1
misc,1
money,1
smash,1
surprise,1
patrol,1
emotionally,1
reflex,1
discover,1
flashback,1
racism,1
reason,1
partially,1
instead,1
trial,1
fairly,1
demographic,1
surprising,1
proper,1
mix,1
creature,1
entry,1
impartial,1
counting,1
viewpoint,1
comfort,1
emotion,1
medal,1
new,1
communcate,1
primary,1
accessible,1
intuition,1
star,1
satisfaction,1
central,1
marie,1
lesson,1
high,1
subrole,1
effective,1
playing,1
collabroate,1
mindedness,1
piolcing,1
tracy,1
increase,1
access,1
flat,1
sims,1
reward,1
avenue,1
success,1
invasion,1
land,1
characteristic,1
administration,1
condition,1
user,1
icu,1
difference,1
influence,1
root,1
anti,1
info,1
musk,1
true,1
plan,1
aspect,1
previous,1
alternative,1
vs,1
discrimination,1
keep,1
relatable,1
judicial,1
outside,1
clarity,1
literacy,1
long,1
voluntarily,1
civilization,1
separately,1
solution,1
identification,1
word,1
security,1
dillon,1
garden,1
badge,1
little,1
leadership,1
age,1
esque,1
disclosure,1
possibility,1
spoken,1
fly,1
alleyway,1
cursory,1
gather,1
confounding,1
assign,1
handle,1
collect,1
concept,1
mistake,1
minute,1
analyse,1
awareness,1
peace,1
eachother,1
innovation,1
healthcare,1
address,1
simulatied,1
pain,1
anonymous,1
realize,1
assmption,1
subjesct,1
recur,1
finish,1
worldview,1
collaboration,1
conclusion,1
value,1
discard,1
empahty,1
explicit,1
fast,1
okay,1
trust,1
denominator,1
trump,1
area,1
cute,1
risk,1
heavily,1
insightful,1
bobby,1
street,1
warrant,1
crowdsource,1
direction,1
shame,1
presidency,1
successful,1
completion,1
quest,1
evaluate,1
hospital,1
insitution,1
mars,1
match,1
administrator,1
combination,1
fully,1
professional,1
collective,1
educate,1
friend,1
laughter,1
partner,1
define,1
manner,1
vocabulary,1
status,1
fire,1
artifact,1
incorporate,1
gta,1
death,1
maker,1
maybe,1
historical,1
pressure,1
haunt,1
difficulty,1
comedy,1
similar,1
